{"(1,0)": 3350.0, "(0,2)": 200.0, "(2,1)": 3355.964838909967, "(3,1)": 200.0, "(1,2)": 3355.964838909967, "(2,3)": 3350.0, "(6,15)": 1308.62523283024, "(15,4)": 3350.0, "(4,6)": 2563.2011235952596, "(15,6)": 1308.62523283024, "(6,7)": 1500.0, "(7,15)": 2581.1818998280614, "(6,4)": 2563.2011235952596, "(4,5)": 900.0, "(5,6)": 2400.0, "(15,7)": 2581.1818998280614, "(7,10)": 9800.0, "(10,15)": 12236.931804990989, "(7,8)": 2400.0, "(8,9)": 9800.0, "(9,7)": 10089.598604503552, "(10,7)": 9800.0, "(7,9)": 10089.598604503552, "(9,10)": 2400.0, "(10,11)": 1500.0, "(11,14)": 3051.638903933426, "(14,10)": 4501.388674620311, "(15,10)": 12236.931804990989, "(10,14)": 4501.388674620311, "(14,15)": 16600.0, "(11,12)": 2400.0, "(12,13)": 2900.0, "(13,11)": 3764.3060449437426, "(14,11)": 3051.638903933426, "(11,13)": 3764.3060449437426, "(13,14)": 3350.0, "(27,16)": 3350.0, "(16,18)": 3764.3060449437426, "(18,27)": 3051.638903933426, "(27,18)": 3051.638903933426, "(18,19)": 1500.0, "(19,27)": 4501.388674620311, "(18,16)": 3764.3060449437426, "(16,17)": 2900.0, "(17,18)": 2400.0, "(19,22)": 9800.0, "(22,26)": 2581.1818998280614, "(26,19)": 12236.931804990989, "(27,19)": 4501.388674620311, "(19,26)": 12236.931804990989, "(26,27)": 16600.0, "(26,22)": 2581.1818998280614, "(22,23)": 1500.0, "(23,26)": 1308.62523283024, "(19,20)": 2400.0, "(20,21)": 9800.0, "(21,19)": 10089.598604503552, "(22,19)": 9800.0, "(19,21)": 10089.598604503552, "(21,22)": 2400.0, "(23,24)": 2400.0, "(24,25)": 900.0, "(25,23)": 2563.2011235952596, "(26,23)": 1308.62523283024, "(23,25)": 2563.2011235952596, "(25,26)": 3350.0, "(29,30)": 2900.0, "(30,28)": 2906.8883707497266, "(28,29)": 200.0, "(30,31)": 200.0, "(31,28)": 2900.0, "(28,30)": 2906.8883707497266, "(32,33)": 16600.0, "(33,34)": 200.0, "(34,32)": 16601.204775557708, "(32,34)": 16601.204775557708, "(34,35)": 16600.0, "(35,32)": 200.0, "(36,38)": 900.0, "(38,37)": 921.9544457292888, "(37,36)": 200.0, "(38,39)": 200.0, "(39,37)": 900.0, "(37,38)": 921.9544457292888, "(42,40)": 2400.0, "(40,41)": 200.0, "(41,42)": 2408.3189157584593, "(42,41)": 2408.3189157584593, "(41,43)": 2400.0, "(43,42)": 200.0, "(46,44)": 1500.0, "(44,45)": 200.0, "(45,46)": 1513.2745950421556, "(46,45)": 1513.2745950421556, "(45,47)": 1500.0, "(47,46)": 200.0, "(50,48)": 2400.0, "(48,49)": 200.0, "(49,50)": 2408.3189157584593, "(50,49)": 2408.3189157584593, "(49,51)": 2400.0, "(51,50)": 200.0, "(53,54)": 9800.0, "(54,52)": 9802.040603874277, "(52,53)": 200.0, "(54,55)": 200.0, "(55,52)": 9800.0, "(52,54)": 9802.040603874277, "(58,56)": 2400.0, "(56,57)": 200.0, "(57,58)": 2408.3189157584593, "(58,57)": 2408.3189157584593, "(57,59)": 2400.0, "(59,58)": 200.0, "(62,60)": 1500.0, "(60,61)": 200.0, "(61,62)": 1513.2745950421556, "(62,61)": 1513.2745950421556, "(61,63)": 1500.0, "(63,62)": 200.0, "(66,64)": 2400.0, "(64,65)": 200.0, "(65,66)": 2408.3189157584593, "(66,65)": 2408.3189157584593, "(65,67)": 2400.0, "(67,66)": 200.0, "(69,68)": 3350.0, "(68,70)": 200.0, "(70,69)": 3355.964838909967, "(71,69)": 200.0, "(69,70)": 3355.964838909967, "(70,71)": 3350.0}