{
  "(0,1)": 15.752920506287113,
  "(1,2)": 0.3937010000000001,
  "(0,2)": 15.748000000000001,
  "(0,3)": 0.3937010000000001,
  "(1,3)": 15.748000000000001,
  "(4,5)": 35.21350906697599,
  "(5,6)": 15.748000000000001,
  "(4,6)": 31.4959,
  "(4,7)": 15.748000000000001,
  "(5,7)": 31.4959,
  "(8,9)": 26.01112822872935,
  "(9,10)": 1.181099999999999,
  "(8,10)": 25.984299,
  "(8,11)": 1.181099999999999,
  "(9,11)": 25.984299,
  "(12,13)": 31.498360549200033,
  "(13,14)": 31.4959,
  "(12,14)": 0.3937010000000001,
  "(12,15)": 31.4959,
  "(13,15)": 0.3937010000000001,
  "(10,12)": 23.0313,
  "(10,15)": 8.464599999999999,
  "(9,15)": 7.2835,
  "(16,17)": 17.35076010582822,
  "(17,18)": 15.748000000000001,
  "(16,18)": 7.2835,
  "(16,19)": 15.748000000000001,
  "(17,19)": 7.2835,
  "(20,21)": 26.01112822872935,
  "(21,22)": 1.181099999999999,
  "(20,22)": 25.984299,
  "(20,23)": 1.181099999999999,
  "(21,23)": 25.984299,
  "(24,25)": 31.498360549200033,
  "(25,26)": 31.4959,
  "(24,26)": 0.3937010000000001,
  "(24,27)": 31.4959,
  "(25,27)": 0.3937010000000001,
  "(22,24)": 7.2835,
  "(22,27)": 24.2124,
  "(21,27)": 23.0313,
  "(28,29)": 15.752920506287113,
  "(29,30)": 0.3937010000000001,
  "(28,30)": 15.748000000000001,
  "(28,31)": 8.473650967994907,
  "(29,31)": 7.2835,
  "(28,32)": 7.294032906246105,
  "(31,32)": 1.1810999999999998,
  "(32,33)": 26.01112822872935,
  "(31,33)": 25.984299,
  "(28,34)": 0.3937010000000001,
  "(32,34)": 7.2834,
  "(33,35)": 1.1810999999999998,
  "(32,35)": 25.984299,
  "(36,37)": 10.300283061159048,
  "(37,38)": 11.166656578403405,
  "(36,38)": 15.748000000000001,
  "(36,39)": 23.0313,
  "(37,39)": 17.350760105828215,
  "(39,40)": 7.2835,
  "(37,40)": 15.748,
  "(38,41)": 10.300212349752796,
  "(41,42)": 17.35071812807758,
  "(38,42)": 23.0313,
  "(37,41)": 1.1810999999999998,
  "(41,43)": 15.748,
  "(42,43)": 7.2834,
  "(44,45)": 30.383931584332547,
  "(45,46)": 25.984299,
  "(44,46)": 15.748000000000001,
  "(44,47)": 25.984299,
  "(45,47)": 15.748000000000001,
  "(48,49)": 15.792229139991607,
  "(49,50)": 15.748000000000001,
  "(48,50)": 1.181099999999999,
  "(48,51)": 15.748000000000001,
  "(49,51)": 1.181099999999999,
  "(52,53)": 30.383931584332547,
  "(53,54)": 25.984299,
  "(52,54)": 15.748000000000001,
  "(52,55)": 25.984299,
  "(53,55)": 15.748000000000001,
  "(56,57)": 30.383931584332547,
  "(57,58)": 15.748,
  "(56,58)": 25.984299,
  "(56,59)": 15.748,
  "(57,59)": 25.984299,
  "(60,61)": 15.792229139991605,
  "(61,62)": 1.1810999999999998,
  "(60,62)": 15.748,
  "(60,63)": 1.1810999999999998,
  "(61,63)": 15.748,
  "(64,65)": 30.383931584332547,
  "(65,66)": 15.748,
  "(64,66)": 25.984299,
  "(64,67)": 15.748,
  "(65,67)": 25.984299,
  "(68,69)": 26.01112822872935,
  "(69,70)": 25.984299,
  "(68,70)": 1.1810999999999998,
  "(68,71)": 25.984299,
  "(69,71)": 1.1810999999999998,
  "(72,73)": 86.63626645614411,
  "(73,74)": 86.6139,
  "(72,74)": 1.9684999999999988,
  "(72,75)": 86.6139,
  "(73,75)": 1.9684999999999988,
  "(76,77)": 36.7899699573131,
  "(77,78)": 44.42408569245292,
  "(76,78)": 39.37012,
  "(76,79)": 86.6139,
  "(77,79)": 53.101600175230125,
  "(79,80)": 51.95075107541757,
  "(77,80)": 1.181099999999999,
  "(79,81)": 47.329654332669705,
  "(80,81)": 10.300212349752796,
  "(81,82)": 11.166732380154905,
  "(80,82)": 15.748000000000001,
  "(79,83)": 33.52757687710223,
  "(81,83)": 15.748,
  "(79,84)": 34.2140093581562,
  "(83,84)": 1.1810999999999998,
  "(78,85)": 36.789944274086636,
  "(85,86)": 53.101582381322686,
  "(78,86)": 86.6139,
  "(77,85)": 15.748000000000001,
  "(82,85)": 1.181099999999999,
  "(82,86)": 51.95073288732701,
  "(82,87)": 10.300283061159048,
  "(86,87)": 47.329662401398984,
  "(81,87)": 1.1810999999999998,
  "(84,87)": 15.748,
  "(84,86)": 33.52758826743135,
  "(79,86)": 39.37012,
  "(88,89)": 39.41930163085592,
  "(89,90)": 1.9684999999999988,
  "(88,90)": 39.37012,
  "(88,91)": 1.9684999999999988,
  "(89,91)": 39.37012,
  "(92,93)": 95.14186261590847,
  "(93,94)": 39.37012,
  "(92,94)": 86.6139,
  "(92,95)": 39.37012,
  "(93,95)": 86.6139,
  "(96,97)": 39.41930163085592,
  "(97,98)": 1.9684999999999988,
  "(96,98)": 39.37012,
  "(96,99)": 1.9684999999999988,
  "(97,99)": 39.37012,
  "(100,101)": 86.63626645614411,
  "(101,102)": 86.6139,
  "(100,102)": 1.9684999999999988,
  "(100,103)": 86.6139,
  "(101,103)": 1.9684999999999988
}